id,title,duration,releaseDate,artistIDs,albumID,genreIDs,awardIDs
song_0,Re-engineered analyzing benchmark Song 0,402,1983-10-03,"['artist_97', 'artist_91']",album_94,"['genre_3', 'genre_4']",[]
song_1,Extended user-facing challenge Song 1,405,1994-11-25,"['artist_19', 'artist_83']",album_93,['genre_4'],[]
song_2,Realigned dedicated circuit Song 2,419,2000-06-25,['artist_38'],,['genre_9'],[]
song_3,Versatile object-oriented open architecture Song 3,391,1999-06-09,"['artist_36', 'artist_97']",album_80,['genre_9'],[]
song_4,Object-based stable emulation Song 4,404,2022-08-26,['artist_78'],album_35,"['genre_8', 'genre_9']",[]
song_5,Quality-focused tertiary leverage Song 5,146,1999-02-04,"['artist_30', 'artist_48']",album_30,['genre_13'],[]
song_6,Front-line impactful monitoring Song 6,348,1985-06-04,['artist_69'],album_83,['genre_9'],['award_18']
song_7,Customer-focused global strategy Song 7,359,1999-12-08,['artist_35'],album_19,['genre_3'],[]
song_8,Public-key human-resource interface Song 8,246,2024-02-26,"['artist_75', 'artist_20']",,"['genre_6', 'genre_9']",[]
song_9,Sharable holistic Internet solution Song 9,387,2005-10-18,['artist_54'],album_0,"['genre_10', 'genre_8']",[]
song_10,Open-architected methodical extranet Song 10,307,2007-03-12,['artist_88'],album_48,['genre_0'],[]
song_11,Reactive attitude-oriented encryption Song 11,286,2009-04-14,"['artist_90', 'artist_75']",album_99,['genre_13'],[]
song_12,Configurable 24/7 concept Song 12,193,2021-09-15,"['artist_24', 'artist_69']",,['genre_2'],[]
song_13,Distributed zero administration pricing structure Song 13,224,1990-03-22,"['artist_55', 'artist_95']",album_30,['genre_2'],[]
song_14,Front-line 3rdgeneration contingency Song 14,389,1997-09-16,"['artist_60', 'artist_93']",album_29,['genre_12'],[]
song_15,Focused coherent benchmark Song 15,326,2002-03-08,"['artist_67', 'artist_50']",album_18,['genre_14'],[]
song_16,Open-source context-sensitive matrix Song 16,265,1996-12-27,['artist_96'],album_80,['genre_9'],[]
song_17,Realigned actuating projection Song 17,310,2008-02-24,['artist_38'],,"['genre_12', 'genre_2']",[]
song_18,Future-proofed cohesive forecast Song 18,368,2020-06-15,['artist_64'],album_16,['genre_13'],[]
song_19,Cross-group clear-thinking interface Song 19,188,1990-06-25,"['artist_46', 'artist_69']",,"['genre_5', 'genre_3']",[]
song_20,Multi-tiered 6thgeneration toolset Song 20,256,2012-09-07,['artist_49'],album_31,['genre_1'],[]
song_21,Re-contextualized zero administration capability Song 21,326,2006-05-24,['artist_96'],album_36,['genre_5'],[]
song_22,Cloned exuding open architecture Song 22,270,1983-03-29,['artist_54'],,['genre_13'],['award_10']
song_23,Compatible encompassing complexity Song 23,303,2017-04-02,"['artist_22', 'artist_15']",album_69,['genre_3'],[]
song_24,Balanced upward-trending middleware Song 24,234,1990-12-22,"['artist_38', 'artist_54']",album_76,"['genre_5', 'genre_0']",[]
song_25,Organic foreground moderator Song 25,297,2002-01-21,"['artist_31', 'artist_72']",,"['genre_4', 'genre_9']",[]
song_26,Business-focused 4thgeneration success Song 26,151,1992-04-01,"['artist_56', 'artist_19']",album_21,['genre_7'],[]
song_27,Programmable static complexity Song 27,358,2020-10-02,['artist_42'],,"['genre_4', 'genre_10']",[]
song_28,Secured methodical extranet Song 28,139,2013-04-17,['artist_60'],album_31,"['genre_0', 'genre_1']",[]
song_29,Centralized neutral archive Song 29,355,2014-06-16,['artist_67'],,['genre_3'],[]
song_30,Fundamental bifurcated benchmark Song 30,231,2010-02-07,"['artist_93', 'artist_35']",album_78,['genre_1'],[]
song_31,Ergonomic needs-based synergy Song 31,156,1990-10-14,"['artist_7', 'artist_42']",album_59,"['genre_3', 'genre_4']",[]
song_32,Re-engineered tangible algorithm Song 32,370,2014-09-29,['artist_62'],album_78,['genre_1'],[]
song_33,Multi-lateral 24/7 artificial intelligence Song 33,269,2008-11-30,"['artist_6', 'artist_68']",album_62,['genre_9'],[]
song_34,Optional grid-enabled projection Song 34,371,1992-05-10,['artist_29'],album_12,"['genre_0', 'genre_6']",['award_19']
song_35,Realigned discrete installation Song 35,281,1998-04-11,"['artist_30', 'artist_98']",album_7,['genre_0'],[]
song_36,Advanced demand-driven architecture Song 36,287,2021-08-25,"['artist_77', 'artist_4']",album_35,"['genre_8', 'genre_9']",[]
song_37,Vision-oriented asymmetric process improvement Song 37,125,1983-04-05,['artist_52'],,"['genre_0', 'genre_6']",[]
song_38,Fully-configurable dynamic collaboration Song 38,384,1985-04-25,['artist_29'],album_90,['genre_10'],[]
song_39,Future-proofed foreground instruction set Song 39,264,1986-12-10,['artist_66'],,['genre_4'],[]
song_40,Monitored exuding focus group Song 40,236,2005-04-06,['artist_39'],,['genre_0'],[]
song_41,Seamless interactive synergy Song 41,292,2023-11-03,['artist_41'],album_14,"['genre_4', 'genre_0']",[]
song_42,De-engineered full-range Graphical User Interface Song 42,184,2013-07-28,"['artist_2', 'artist_0']",album_42,['genre_10'],[]
song_43,Configurable dedicated firmware Song 43,323,2020-12-11,['artist_67'],album_1,"['genre_14', 'genre_11']",[]
song_44,Operative human-resource support Song 44,171,2011-05-21,"['artist_78', 'artist_64']",album_7,['genre_0'],[]
song_45,Organized client-server implementation Song 45,121,1997-08-15,['artist_55'],album_89,['genre_0'],[]
song_46,Distributed systematic capacity Song 46,192,2010-03-02,['artist_80'],album_47,['genre_6'],[]
song_47,De-engineered next generation encryption Song 47,324,1999-07-14,['artist_28'],album_7,['genre_0'],[]
song_48,Sharable intangible process improvement Song 48,310,2003-06-02,['artist_60'],album_9,['genre_13'],[]
song_49,Reduced didactic emulation Song 49,144,2024-05-16,"['artist_66', 'artist_7']",album_4,['genre_14'],[]
song_50,Re-engineered scalable challenge Song 50,245,2024-04-13,"['artist_36', 'artist_71']",album_9,['genre_13'],[]
song_51,Versatile human-resource productivity Song 51,294,1998-04-11,['artist_6'],album_51,['genre_11'],[]
song_52,Extended tangible functionalities Song 52,229,2007-03-04,"['artist_83', 'artist_94']",album_43,['genre_10'],[]
song_53,Business-focused discrete interface Song 53,339,1983-03-21,"['artist_30', 'artist_91']",,"['genre_5', 'genre_6']",[]
song_54,Front-line reciprocal function Song 54,274,2023-12-18,['artist_53'],album_59,['genre_3'],[]
song_55,Expanded discrete instruction set Song 55,214,2012-09-14,['artist_21'],album_94,['genre_4'],[]
song_56,Ergonomic object-oriented frame Song 56,120,2019-11-03,['artist_79'],album_36,['genre_5'],[]
song_57,Optimized even-keeled parallelism Song 57,290,1985-07-29,['artist_69'],album_42,['genre_10'],[]
song_58,Multi-lateral composite Local Area Network Song 58,232,1983-04-02,['artist_55'],album_60,['genre_14'],[]
song_59,Implemented impactful website Song 59,346,2008-02-28,"['artist_56', 'artist_45']",,['genre_5'],[]
song_60,Fundamental grid-enabled definition Song 60,194,1995-01-13,"['artist_57', 'artist_26']",album_12,"['genre_0', 'genre_6']",['award_22']
song_61,Synergized 24/7 strategy Song 61,205,1990-08-30,['artist_44'],album_99,['genre_13'],[]
song_62,Advanced next generation success Song 62,345,1986-02-26,"['artist_23', 'artist_78']",album_44,['genre_12'],[]
song_63,Seamless zero tolerance instruction set Song 63,369,2003-06-08,"['artist_46', 'artist_55']",album_81,['genre_11'],[]
song_64,Compatible context-sensitive application Song 64,311,1983-07-03,"['artist_46', 'artist_2']",album_98,['genre_4'],[]
song_65,Integrated static emulation Song 65,263,2025-01-10,['artist_55'],,"['genre_9', 'genre_2']",[]
song_66,Diverse explicit software Song 66,124,1997-11-09,"['artist_41', 'artist_10']",album_44,['genre_12'],[]
song_67,User-friendly exuding hierarchy Song 67,167,2004-04-09,['artist_27'],,['genre_3'],[]
song_68,Cross-platform radical throughput Song 68,241,1994-12-27,"['artist_88', 'artist_21']",album_5,['genre_8'],[]
song_69,Phased global help-desk Song 69,228,1996-08-18,"['artist_96', 'artist_63']",album_64,['genre_9'],[]
song_70,Pre-emptive real-time function Song 70,294,2016-10-02,['artist_83'],album_62,['genre_9'],[]
song_71,Devolved empowering knowledge user Song 71,203,2021-09-01,"['artist_37', 'artist_34']",album_29,['genre_12'],[]
song_72,Cloned zero-defect frame Song 72,325,2015-08-25,['artist_90'],album_66,['genre_4'],[]
song_73,Vision-oriented system-worthy portal Song 73,266,1991-06-12,['artist_17'],album_33,"['genre_6', 'genre_1']",[]
song_74,Cloned human-resource system engine Song 74,182,2004-11-01,"['artist_0', 'artist_47']",album_62,['genre_9'],[]
song_75,Expanded logistical hardware Song 75,211,2006-08-28,['artist_18'],album_96,['genre_12'],[]
song_76,Front-line homogeneous synergy Song 76,159,2010-05-25,['artist_73'],album_68,['genre_13'],[]
song_77,Innovative clear-thinking implementation Song 77,385,2019-10-09,['artist_17'],album_49,"['genre_5', 'genre_7']",[]
song_78,Customizable optimal parallelism Song 78,308,2007-07-07,['artist_77'],album_71,['genre_11'],[]
song_79,Cloned systematic knowledgebase Song 79,395,1995-02-07,"['artist_84', 'artist_81']",,['genre_9'],[]
song_80,Progressive analyzing solution Song 80,179,2021-06-11,"['artist_67', 'artist_63']",album_63,['genre_4'],[]
song_81,Fundamental intermediate matrices Song 81,318,1989-05-08,"['artist_34', 'artist_52']",album_44,['genre_12'],[]
song_82,Progressive local architecture Song 82,303,1990-09-01,"['artist_82', 'artist_5']",album_24,['genre_0'],[]
song_83,Sharable regional parallelism Song 83,189,1991-05-15,['artist_73'],,"['genre_1', 'genre_4']",[]
song_84,Expanded composite access Song 84,270,1990-10-27,['artist_77'],album_93,['genre_4'],[]
song_85,Cross-group foreground leverage Song 85,216,2020-03-13,"['artist_35', 'artist_36']",album_65,"['genre_9', 'genre_1']",[]
song_86,Reduced eco-centric strategy Song 86,317,1992-02-06,['artist_0'],,"['genre_3', 'genre_13']",[]
song_87,Open-source cohesive circuit Song 87,384,1985-01-20,"['artist_67', 'artist_74']",album_27,"['genre_6', 'genre_12']",[]
song_88,Adaptive motivating software Song 88,322,2006-01-16,"['artist_19', 'artist_93']",album_88,"['genre_6', 'genre_2']",[]
song_89,De-engineered stable budgetary management Song 89,397,2008-08-18,"['artist_27', 'artist_7']",album_89,['genre_0'],[]
song_90,Switchable exuding approach Song 90,314,1989-08-08,['artist_39'],,"['genre_7', 'genre_2']",[]
song_91,Synchronized asynchronous paradigm Song 91,272,2014-09-19,['artist_79'],,"['genre_11', 'genre_3']",['award_11']
song_92,Front-line upward-trending encryption Song 92,211,2002-02-09,"['artist_35', 'artist_31']",album_29,['genre_12'],[]
song_93,Profound eco-centric encoding Song 93,219,2007-07-18,['artist_26'],album_66,['genre_4'],[]
song_94,Implemented hybrid leverage Song 94,371,1985-12-04,"['artist_8', 'artist_59']",,['genre_10'],[]
song_95,Configurable leadingedge analyzer Song 95,408,2003-04-06,['artist_60'],album_8,['genre_9'],[]
song_96,User-friendly contextually-based artificial intelligence Song 96,156,1986-05-19,"['artist_49', 'artist_38']",album_99,['genre_13'],[]
song_97,Down-sized bi-directional circuit Song 97,407,1988-01-19,['artist_54'],album_75,"['genre_9', 'genre_7']",[]
song_98,Expanded 6thgeneration intranet Song 98,150,2018-11-08,"['artist_61', 'artist_74']",album_38,"['genre_7', 'genre_13']",[]
song_99,Quality-focused regional support Song 99,297,1987-08-06,['artist_55'],,['genre_13'],[]
song_100,Quality-focused exuding Graphical User Interface Song 100,271,2002-12-18,['artist_76'],,"['genre_12', 'genre_13']",['award_23']
song_101,Cross-group context-sensitive emulation Song 101,173,1998-05-12,['artist_13'],album_96,['genre_12'],[]
song_102,Organic homogeneous hierarchy Song 102,228,1996-09-06,['artist_3'],album_80,['genre_9'],[]
song_103,Configurable homogeneous archive Song 103,162,2017-07-13,['artist_10'],album_98,['genre_4'],[]
song_104,Exclusive regional hardware Song 104,285,2022-01-11,"['artist_93', 'artist_7']",album_70,"['genre_10', 'genre_13']",[]
song_105,Exclusive foreground knowledgebase Song 105,180,1995-03-08,['artist_6'],album_18,['genre_2'],['award_6']
song_106,Robust hybrid forecast Song 106,201,2017-12-20,"['artist_80', 'artist_28']",album_49,"['genre_7', 'genre_5']",['award_22']
song_107,Open-architected disintermediate matrix Song 107,128,2011-01-10,"['artist_4', 'artist_91']",album_70,['genre_13'],[]
song_108,Seamless radical protocol Song 108,188,2011-06-06,['artist_35'],album_77,['genre_9'],[]
song_109,Face-to-face mobile system engine Song 109,321,2007-04-23,"['artist_55', 'artist_81']",album_99,['genre_13'],[]
song_110,Versatile uniform analyzer Song 110,350,2009-06-16,"['artist_76', 'artist_24']",album_85,['genre_12'],[]
song_111,Integrated coherent superstructure Song 111,347,2013-10-02,"['artist_92', 'artist_43']",album_66,['genre_4'],[]
song_112,Down-sized optimal help-desk Song 112,396,1994-05-10,['artist_34'],album_21,['genre_7'],[]
song_113,Self-enabling didactic throughput Song 113,226,2020-09-24,"['artist_41', 'artist_56']",album_5,['genre_8'],['award_25']
song_114,Ameliorated motivating function Song 114,321,2000-11-26,['artist_25'],album_7,['genre_0'],[]
song_115,Advanced tertiary monitoring Song 115,331,2020-10-15,"['artist_57', 'artist_61']",album_89,"['genre_14', 'genre_0']",[]
song_116,Phased mission-critical data-warehouse Song 116,356,1998-12-25,"['artist_84', 'artist_35']",album_24,['genre_0'],[]
song_117,Secured reciprocal ability Song 117,193,2004-09-06,"['artist_71', 'artist_24']",album_58,['genre_9'],[]
song_118,Customer-focused intangible artificial intelligence Song 118,280,2005-04-02,"['artist_70', 'artist_88']",album_8,['genre_9'],[]
song_119,Self-enabling responsive help-desk Song 119,211,1990-01-15,"['artist_90', 'artist_62']",album_44,['genre_12'],[]
song_120,Robust analyzing definition Song 120,228,1982-07-15,"['artist_46', 'artist_92']",album_27,['genre_6'],['award_20']
song_121,User-friendly incremental Graphical User Interface Song 121,236,1983-11-23,"['artist_27', 'artist_61']",album_72,['genre_7'],[]
song_122,Reverse-engineered directional projection Song 122,402,1984-03-05,['artist_85'],album_48,['genre_0'],[]
song_123,Up-sized asymmetric workforce Song 123,148,1985-09-16,"['artist_80', 'artist_4']",album_1,['genre_14'],[]
song_124,Switchable composite throughput Song 124,358,2020-05-17,"['artist_5', 'artist_71']",album_5,['genre_8'],[]
song_125,Synergistic didactic protocol Song 125,357,2018-04-06,['artist_91'],album_35,['genre_8'],[]
song_126,Assimilated exuding middleware Song 126,339,2017-12-09,['artist_49'],album_49,['genre_7'],[]
song_127,User-centric bi-directional access Song 127,324,2021-08-05,"['artist_55', 'artist_89']",,['genre_13'],[]
song_128,Total systemic time-frame Song 128,225,2001-03-22,['artist_50'],,['genre_2'],['award_6']
song_129,Multi-layered 24hour workforce Song 129,127,2001-01-27,['artist_47'],,"['genre_10', 'genre_4']",[]
song_130,Front-line intangible emulation Song 130,158,2018-07-09,"['artist_67', 'artist_38']",album_6,['genre_12'],[]
song_131,Multi-lateral cohesive groupware Song 131,262,1983-06-03,['artist_43'],,"['genre_3', 'genre_6']",[]
song_132,Cross-platform well-modulated hardware Song 132,148,2001-07-29,['artist_46'],album_17,['genre_8'],[]
song_133,Customer-focused 24/7 support Song 133,260,1993-11-13,"['artist_43', 'artist_87']",album_61,['genre_0'],[]
song_134,Optional logistical encoding Song 134,288,1994-02-18,"['artist_50', 'artist_73']",,"['genre_13', 'genre_12']",[]
song_135,Profound contextually-based middleware Song 135,229,1990-09-11,"['artist_78', 'artist_90']",album_79,['genre_11'],[]
song_136,Progressive didactic analyzer Song 136,195,2014-07-11,"['artist_34', 'artist_1']",album_77,"['genre_4', 'genre_9']",[]
song_137,Synergized dedicated parallelism Song 137,419,1997-07-23,['artist_51'],album_89,['genre_14'],[]
song_138,Persevering 5thgeneration migration Song 138,332,2004-08-31,['artist_65'],album_67,['genre_8'],[]
song_139,Switchable disintermediate success Song 139,355,2002-04-30,"['artist_49', 'artist_89']",album_53,"['genre_12', 'genre_10']",[]
song_140,Up-sized multimedia complexity Song 140,415,2019-06-25,"['artist_6', 'artist_79']",,['genre_0'],[]
song_141,Multi-tiered high-level methodology Song 141,253,1996-01-07,['artist_70'],album_90,['genre_10'],[]
song_142,Exclusive leadingedge infrastructure Song 142,228,2017-08-17,"['artist_97', 'artist_1']",,['genre_14'],['award_20']
song_143,Optional hybrid task-force Song 143,125,2014-07-29,"['artist_89', 'artist_35']",album_99,['genre_13'],[]
song_144,Open-architected tangible Local Area Network Song 144,348,2016-05-24,"['artist_70', 'artist_94']",,"['genre_0', 'genre_10']",[]
song_145,Programmable 5thgeneration infrastructure Song 145,274,2004-11-23,['artist_98'],album_33,['genre_6'],[]
song_146,Persevering global knowledgebase Song 146,327,2001-02-02,"['artist_95', 'artist_57']",album_83,['genre_9'],[]
song_147,Diverse fresh-thinking hardware Song 147,333,1987-12-10,"['artist_1', 'artist_0']",,['genre_2'],[]
song_148,Virtual local extranet Song 148,215,2015-01-20,['artist_87'],album_67,['genre_8'],[]
song_149,Proactive value-added data-warehouse Song 149,332,2015-10-12,['artist_93'],album_29,['genre_12'],[]
song_150,Configurable cohesive project Song 150,241,2021-02-25,['artist_89'],album_57,['genre_13'],[]
song_151,Multi-channeled static flexibility Song 151,269,1989-05-30,['artist_40'],album_64,['genre_9'],[]
song_152,Sharable static policy Song 152,290,1983-01-24,"['artist_65', 'artist_61']",album_95,['genre_6'],[]
song_153,Upgradable impactful hierarchy Song 153,298,2015-12-08,"['artist_1', 'artist_35']",album_62,['genre_9'],[]
song_154,Realigned real-time circuit Song 154,201,2011-08-24,['artist_20'],album_41,['genre_13'],[]
song_155,Triple-buffered background parallelism Song 155,296,1997-06-10,['artist_13'],album_11,['genre_6'],[]
song_156,Secured optimizing time-frame Song 156,232,1996-10-28,['artist_92'],,['genre_6'],[]
song_157,Digitized multi-tasking knowledge user Song 157,229,2021-05-21,"['artist_38', 'artist_37']",album_39,"['genre_12', 'genre_11']",[]
song_158,Diverse full-range approach Song 158,350,2024-08-13,"['artist_98', 'artist_32']",album_7,['genre_0'],[]
song_159,Devolved bandwidth-monitored support Song 159,228,2022-10-16,['artist_32'],album_80,['genre_9'],[]
song_160,Versatile intermediate circuit Song 160,317,2021-07-27,"['artist_49', 'artist_7']",,['genre_9'],[]
song_161,Optional intermediate software Song 161,304,2018-12-08,"['artist_67', 'artist_74']",album_26,['genre_7'],[]
song_162,Seamless stable emulation Song 162,231,2003-11-02,"['artist_68', 'artist_62']",,"['genre_2', 'genre_0']",['award_2']
song_163,Profit-focused responsive process improvement Song 163,139,2020-06-05,['artist_25'],album_77,"['genre_9', 'genre_4']",[]
song_164,Total heuristic matrices Song 164,362,1987-12-17,"['artist_95', 'artist_41']",album_40,['genre_3'],[]
song_165,Multi-channeled foreground artificial intelligence Song 165,390,1994-11-04,['artist_32'],album_4,"['genre_14', 'genre_4']",['award_15']
song_166,Enterprise-wide encompassing access Song 166,229,2022-01-09,['artist_92'],,"['genre_3', 'genre_6']",[]
song_167,Proactive heuristic circuit Song 167,189,1986-06-08,"['artist_51', 'artist_42']",album_3,['genre_1'],[]
song_168,Persevering hybrid initiative Song 168,235,1987-09-01,"['artist_32', 'artist_40']",album_66,['genre_4'],[]
song_169,Customizable attitude-oriented algorithm Song 169,273,1990-08-30,"['artist_38', 'artist_35']",album_38,['genre_7'],[]
song_170,Managed object-oriented system engine Song 170,377,2001-03-11,"['artist_5', 'artist_87']",album_91,['genre_13'],['award_21']
song_171,Down-sized zero administration system engine Song 171,261,2005-02-03,['artist_46'],album_92,['genre_12'],[]
song_172,Ameliorated background synergy Song 172,149,2010-11-05,"['artist_57', 'artist_17']",,['genre_9'],['award_15']
song_173,Business-focused bifurcated flexibility Song 173,240,1999-05-24,['artist_97'],album_70,['genre_10'],[]
song_174,Focused systemic access Song 174,122,1986-06-02,['artist_0'],album_22,"['genre_6', 'genre_12']",[]
song_175,Optimized web-enabled instruction set Song 175,201,2013-03-29,"['artist_2', 'artist_25']",,['genre_8'],[]
song_176,Robust impactful firmware Song 176,340,2007-03-19,['artist_91'],album_25,['genre_13'],[]
song_177,Multi-channeled asymmetric flexibility Song 177,387,2014-04-11,['artist_67'],album_50,['genre_0'],[]
song_178,Upgradable discrete framework Song 178,383,1990-02-07,"['artist_0', 'artist_67']",album_18,['genre_2'],[]
song_179,Innovative global algorithm Song 179,391,2012-07-23,"['artist_70', 'artist_67']",album_13,"['genre_10', 'genre_9']",[]
song_180,Fully-configurable zero administration paradigm Song 180,381,2020-04-01,['artist_95'],album_34,"['genre_2', 'genre_5']",[]
song_181,Self-enabling global capability Song 181,167,1989-05-10,['artist_13'],album_8,['genre_9'],[]
song_182,Devolved grid-enabled software Song 182,365,1999-11-01,"['artist_90', 'artist_94']",album_28,['genre_13'],[]
song_183,Multi-lateral bottom-line moratorium Song 183,403,2005-07-05,['artist_24'],album_42,['genre_10'],[]
song_184,User-centric full-range extranet Song 184,287,1986-05-31,['artist_16'],album_23,['genre_14'],[]
song_185,Horizontal intermediate encoding Song 185,172,2020-06-01,['artist_56'],album_24,['genre_0'],['award_14']
song_186,Exclusive high-level solution Song 186,225,1988-04-18,"['artist_37', 'artist_70']",album_35,['genre_9'],[]
song_187,Extended tertiary focus group Song 187,147,2006-12-15,['artist_45'],album_3,['genre_1'],[]
song_188,Implemented intermediate productivity Song 188,350,1985-06-14,['artist_2'],album_26,['genre_7'],[]
song_189,User-friendly 6thgeneration software Song 189,264,2022-01-09,"['artist_55', 'artist_13']",album_97,['genre_6'],[]
song_190,Reactive modular moderator Song 190,355,2018-01-09,"['artist_22', 'artist_5']",album_66,['genre_4'],['award_26']
song_191,Advanced global groupware Song 191,328,2007-06-22,['artist_79'],album_6,['genre_12'],[]
song_192,Progressive mission-critical architecture Song 192,322,2005-09-18,['artist_77'],,['genre_5'],['award_10']
song_193,Compatible well-modulated protocol Song 193,289,2022-08-14,"['artist_22', 'artist_87']",album_78,['genre_1'],[]
song_194,Cross-group fault-tolerant concept Song 194,395,1992-06-16,"['artist_18', 'artist_37']",,"['genre_7', 'genre_1']",[]
song_195,Diverse intermediate infrastructure Song 195,341,2023-11-25,"['artist_43', 'artist_59']",album_68,['genre_13'],[]
song_196,Right-sized explicit attitude Song 196,337,1998-07-12,['artist_14'],,['genre_9'],[]
song_197,Upgradable exuding focus group Song 197,168,1990-11-18,['artist_2'],album_78,['genre_1'],[]
song_198,Grass-roots bifurcated architecture Song 198,227,2001-08-04,"['artist_37', 'artist_17']",album_88,['genre_6'],[]
song_199,Pre-emptive homogeneous archive Song 199,228,1982-08-29,['artist_5'],album_15,"['genre_8', 'genre_7']",[]
song_200,Up-sized 3rdgeneration application Song 200,249,1984-03-04,"['artist_72', 'artist_89']",album_95,"['genre_4', 'genre_6']",[]
song_201,Streamlined multimedia superstructure Song 201,347,1994-06-11,"['artist_85', 'artist_84']",,['genre_0'],[]
song_202,Total analyzing service-desk Song 202,244,2015-03-31,['artist_33'],album_89,"['genre_0', 'genre_14']",[]
song_203,Down-sized solution-oriented infrastructure Song 203,133,2008-09-02,['artist_36'],album_1,"['genre_14', 'genre_11']",[]
song_204,Switchable secondary knowledgebase Song 204,179,1999-04-20,"['artist_4', 'artist_84']",album_84,['genre_12'],[]
song_205,Networked discrete ability Song 205,213,1984-10-19,"['artist_22', 'artist_40']",album_69,"['genre_3', 'genre_12']",[]
song_206,Distributed disintermediate methodology Song 206,208,2014-12-06,['artist_44'],,"['genre_4', 'genre_6']",[]
song_207,Grass-roots bi-directional info-mediaries Song 207,419,2012-06-29,"['artist_54', 'artist_2']",album_88,['genre_2'],[]
song_208,Switchable non-volatile moderator Song 208,267,2021-11-22,['artist_40'],album_52,['genre_9'],[]
song_209,Managed fresh-thinking project Song 209,205,1984-04-24,['artist_99'],album_59,['genre_3'],[]
song_210,Horizontal systemic core Song 210,191,2008-12-24,"['artist_86', 'artist_70']",album_77,['genre_4'],[]
song_211,Realigned 24hour middleware Song 211,227,1985-01-30,"['artist_98', 'artist_81']",album_68,['genre_13'],[]
song_212,Reduced asynchronous support Song 212,417,2006-05-06,['artist_85'],album_9,['genre_13'],[]
song_213,Organic secondary superstructure Song 213,257,1994-07-17,['artist_10'],album_9,['genre_13'],[]
song_214,Cloned optimal matrix Song 214,144,2024-08-07,['artist_18'],album_28,['genre_13'],['award_16']
song_215,Business-focused upward-trending info-mediaries Song 215,139,2022-10-02,['artist_72'],album_84,['genre_12'],[]
song_216,Reverse-engineered web-enabled policy Song 216,122,2021-01-12,"['artist_31', 'artist_32']",album_67,['genre_8'],[]
song_217,Persevering clear-thinking algorithm Song 217,169,2004-07-18,['artist_97'],,"['genre_9', 'genre_7']",[]
song_218,Progressive exuding secured line Song 218,363,1989-10-18,"['artist_45', 'artist_51']",album_71,['genre_0'],[]
song_219,Extended zero-defect migration Song 219,121,2008-08-06,"['artist_98', 'artist_51']",album_57,['genre_13'],[]
song_220,Cross-group intangible portal Song 220,190,2020-04-24,['artist_9'],,"['genre_14', 'genre_5']",[]
song_221,Enhanced grid-enabled encryption Song 221,223,1989-12-22,['artist_88'],album_12,"['genre_6', 'genre_0']",[]
song_222,Triple-buffered systematic application Song 222,283,2008-11-29,['artist_76'],,"['genre_0', 'genre_3']",['award_15']
song_223,Versatile grid-enabled project Song 223,287,2004-12-27,['artist_46'],,['genre_8'],[]
song_224,Up-sized upward-trending initiative Song 224,252,2007-06-29,"['artist_6', 'artist_60']",album_50,['genre_0'],[]
song_225,User-centric optimal budgetary management Song 225,413,2017-06-30,['artist_73'],album_58,['genre_9'],[]
song_226,Balanced system-worthy solution Song 226,241,2014-02-05,"['artist_58', 'artist_74']",album_10,['genre_8'],[]
song_227,Cloned user-facing access Song 227,280,2023-11-26,"['artist_48', 'artist_68']",album_44,['genre_12'],[]
song_228,Networked logistical time-frame Song 228,132,2008-01-06,"['artist_68', 'artist_39']",,['genre_7'],[]
song_229,Cross-platform local focus group Song 229,196,1987-07-04,['artist_55'],album_51,"['genre_13', 'genre_11']",[]
song_230,Business-focused interactive task-force Song 230,214,2000-04-28,['artist_60'],,"['genre_3', 'genre_6']",[]
song_231,Face-to-face mission-critical pricing structure Song 231,282,2010-11-27,['artist_18'],album_44,['genre_12'],[]
song_232,Integrated user-facing orchestration Song 232,187,1998-04-11,['artist_42'],album_98,['genre_4'],[]
song_233,Integrated tertiary synergy Song 233,134,1998-07-25,"['artist_78', 'artist_79']",album_84,['genre_12'],[]
song_234,Synchronized bottom-line protocol Song 234,162,1994-08-15,['artist_26'],,['genre_11'],[]
song_235,Configurable systemic adapter Song 235,135,1998-12-29,['artist_63'],album_95,"['genre_4', 'genre_6']",[]
song_236,Advanced intangible installation Song 236,172,2015-06-21,"['artist_26', 'artist_95']",,"['genre_13', 'genre_7']",[]
song_237,Reverse-engineered tertiary analyzer Song 237,269,2012-08-23,"['artist_96', 'artist_53']",album_94,['genre_4'],[]
song_238,Optional object-oriented Internet solution Song 238,138,1991-09-09,"['artist_8', 'artist_35']",,['genre_14'],[]
song_239,Managed well-modulated groupware Song 239,195,2012-05-02,"['artist_46', 'artist_39']",album_23,['genre_14'],[]
song_240,Open-architected intermediate policy Song 240,374,1987-07-04,"['artist_18', 'artist_57']",album_61,['genre_0'],[]
song_241,Robust uniform moratorium Song 241,196,2010-03-24,['artist_36'],,"['genre_8', 'genre_10']",[]
song_242,Re-engineered global service-desk Song 242,145,1996-11-28,['artist_43'],album_26,['genre_7'],['award_25']
song_243,Vision-oriented context-sensitive throughput Song 243,200,1987-08-30,"['artist_44', 'artist_17']",album_34,['genre_5'],[]
song_244,Organized coherent function Song 244,167,1983-09-02,"['artist_23', 'artist_25']",album_72,['genre_7'],['award_1']
song_245,Balanced fault-tolerant contingency Song 245,225,2003-06-11,['artist_9'],,"['genre_0', 'genre_10']",[]
song_246,Assimilated non-volatile implementation Song 246,313,2008-10-07,"['artist_9', 'artist_19']",album_40,['genre_3'],[]
song_247,Inverse user-facing alliance Song 247,372,1991-01-29,['artist_64'],album_47,['genre_6'],[]
song_248,Cross-group web-enabled service-desk Song 248,249,1993-01-05,['artist_25'],album_86,"['genre_1', 'genre_2']",[]
song_249,Ergonomic tangible concept Song 249,275,1986-05-28,['artist_47'],album_95,['genre_4'],[]
song_250,Enhanced zero administration approach Song 250,156,1993-10-09,"['artist_83', 'artist_12']",album_45,"['genre_6', 'genre_2']",[]
song_251,Persistent responsive complexity Song 251,229,1987-06-13,"['artist_31', 'artist_52']",album_62,['genre_9'],[]
song_252,Sharable user-facing application Song 252,123,2007-09-03,['artist_97'],album_71,"['genre_11', 'genre_0']",[]
song_253,Multi-tiered composite open architecture Song 253,361,1997-09-19,"['artist_19', 'artist_27']",album_91,['genre_13'],[]
song_254,Digitized transitional task-force Song 254,129,2021-06-12,"['artist_10', 'artist_59']",album_66,['genre_4'],[]
song_255,Up-sized logistical synergy Song 255,315,2013-08-05,['artist_98'],,['genre_4'],[]
song_256,Self-enabling web-enabled process improvement Song 256,410,2016-09-30,"['artist_73', 'artist_46']",album_83,['genre_9'],[]
song_257,User-friendly disintermediate functionalities Song 257,403,2007-11-13,"['artist_20', 'artist_50']",,"['genre_9', 'genre_13']",[]
song_258,Total interactive intranet Song 258,201,1987-04-21,['artist_22'],album_31,"['genre_1', 'genre_0']",[]
song_259,User-centric global software Song 259,290,1991-02-15,['artist_18'],album_53,['genre_10'],[]
song_260,Vision-oriented zero tolerance matrices Song 260,258,1998-03-24,['artist_81'],album_19,"['genre_8', 'genre_3']",['award_27']
song_261,Business-focused scalable projection Song 261,199,1999-04-04,"['artist_52', 'artist_80']",album_74,['genre_7'],[]
song_262,Expanded optimizing circuit Song 262,122,2007-02-07,"['artist_59', 'artist_87']",album_99,['genre_13'],[]
song_263,Open-source system-worthy concept Song 263,367,2016-07-23,['artist_29'],album_22,['genre_12'],[]
song_264,Exclusive optimizing interface Song 264,392,1997-02-04,['artist_48'],,"['genre_13', 'genre_1']",[]
song_265,Networked client-server groupware Song 265,387,2001-10-25,['artist_22'],album_15,['genre_7'],[]
song_266,Vision-oriented uniform encryption Song 266,296,1988-11-06,['artist_92'],album_75,['genre_7'],[]
song_267,Multi-channeled multi-tasking flexibility Song 267,361,2018-11-06,['artist_39'],album_65,['genre_9'],['award_6']
song_268,Re-contextualized systemic concept Song 268,331,1998-06-26,"['artist_34', 'artist_81']",album_21,['genre_7'],[]
song_269,Open-architected non-volatile groupware Song 269,356,1983-04-23,"['artist_82', 'artist_47']",album_62,['genre_9'],['award_27']
song_270,Focused hybrid array Song 270,324,1986-04-10,['artist_50'],,"['genre_6', 'genre_0']",[]
song_271,Innovative regional software Song 271,171,1983-10-23,"['artist_1', 'artist_22']",album_95,['genre_4'],[]
song_272,Reactive contextually-based Graphic Interface Song 272,393,1996-07-13,"['artist_39', 'artist_84']",album_65,"['genre_9', 'genre_1']",[]
song_273,Open-source local software Song 273,287,1996-07-04,"['artist_37', 'artist_77']",album_0,"['genre_8', 'genre_10']",[]
song_274,Business-focused neutral array Song 274,157,1995-06-26,"['artist_95', 'artist_20']",album_61,['genre_0'],[]
song_275,Virtual neutral conglomeration Song 275,398,2004-10-15,"['artist_81', 'artist_30']",album_91,['genre_13'],['award_15']
song_276,Decentralized 4thgeneration support Song 276,413,1988-12-17,['artist_46'],album_74,['genre_7'],[]
song_277,Re-contextualized maximized conglomeration Song 277,211,2013-03-31,"['artist_35', 'artist_11']",album_28,['genre_13'],[]
song_278,Organized interactive moderator Song 278,401,2020-01-29,"['artist_11', 'artist_93']",album_33,"['genre_1', 'genre_6']",[]
song_279,Monitored composite customer loyalty Song 279,318,1987-03-21,"['artist_74', 'artist_58']",album_24,['genre_0'],[]
song_280,Inverse eco-centric process improvement Song 280,385,1985-06-06,"['artist_40', 'artist_45']",,"['genre_12', 'genre_1']",[]
song_281,Polarized client-driven challenge Song 281,345,2021-02-22,"['artist_54', 'artist_92']",album_58,['genre_9'],[]
song_282,Monitored incremental application Song 282,351,1998-01-06,"['artist_91', 'artist_53']",album_48,"['genre_0', 'genre_7']",[]
song_283,Right-sized maximized Local Area Network Song 283,323,2019-04-11,['artist_56'],album_86,['genre_2'],[]
song_284,Synchronized multi-tasking database Song 284,233,2005-07-06,"['artist_28', 'artist_4']",album_38,"['genre_13', 'genre_7']",[]
song_285,Team-oriented exuding service-desk Song 285,328,2023-12-31,['artist_55'],album_28,['genre_13'],['award_24']
song_286,Seamless client-server matrices Song 286,373,1999-12-12,['artist_25'],album_51,['genre_11'],[]
song_287,Business-focused upward-trending infrastructure Song 287,214,2005-08-11,"['artist_18', 'artist_58']",,['genre_12'],[]
song_288,Decentralized asymmetric intranet Song 288,328,1994-04-29,['artist_60'],album_12,"['genre_0', 'genre_6']",[]
song_289,Adaptive well-modulated instruction set Song 289,379,1988-04-14,"['artist_23', 'artist_19']",album_58,['genre_9'],[]
song_290,Focused impactful frame Song 290,371,1998-04-26,['artist_71'],,['genre_4'],[]
song_291,Multi-tiered encompassing installation Song 291,122,2011-12-12,['artist_95'],album_16,['genre_13'],[]
song_292,Front-line encompassing superstructure Song 292,358,2002-01-17,['artist_86'],album_33,['genre_1'],[]
song_293,Streamlined transitional orchestration Song 293,183,1997-01-16,"['artist_37', 'artist_10']",,['genre_9'],[]
song_294,Multi-layered fresh-thinking solution Song 294,216,2002-11-08,['artist_88'],album_8,['genre_9'],[]
song_295,Seamless eco-centric groupware Song 295,207,1999-12-20,"['artist_80', 'artist_79']",,"['genre_13', 'genre_9']",[]
song_296,Enhanced foreground approach Song 296,223,1994-03-08,['artist_80'],album_89,"['genre_0', 'genre_14']",[]
song_297,Right-sized national policy Song 297,393,2021-01-09,['artist_1'],album_95,"['genre_4', 'genre_6']",[]
song_298,Monitored uniform instruction set Song 298,257,2001-10-30,['artist_67'],album_63,['genre_4'],[]
song_299,Organic 24hour contingency Song 299,283,1988-04-14,"['artist_1', 'artist_42']",album_14,['genre_0'],[]
song_300,Organic systematic support Song 300,395,2009-12-03,"['artist_67', 'artist_6']",album_40,['genre_3'],[]
song_301,Enhanced directional infrastructure Song 301,132,2017-08-12,['artist_67'],album_56,['genre_13'],[]
song_302,Adaptive static pricing structure Song 302,408,1989-05-14,['artist_63'],album_83,['genre_9'],['award_15']
song_303,Open-architected national definition Song 303,130,2024-10-30,"['artist_82', 'artist_15']",album_95,['genre_4'],[]
song_304,Multi-layered context-sensitive algorithm Song 304,186,1998-04-18,"['artist_59', 'artist_47']",album_47,['genre_6'],[]
song_305,Ergonomic explicit synergy Song 305,161,2016-06-05,['artist_7'],album_53,"['genre_10', 'genre_12']",[]
song_306,Devolved transitional solution Song 306,323,1992-02-22,"['artist_82', 'artist_15']",album_60,['genre_14'],[]
song_307,Seamless transitional superstructure Song 307,292,2024-05-26,['artist_31'],album_62,['genre_9'],[]
song_308,Synchronized solution-oriented software Song 308,268,1982-10-02,"['artist_64', 'artist_81']",album_15,"['genre_7', 'genre_8']",[]
song_309,Stand-alone homogeneous matrix Song 309,155,1999-07-05,"['artist_97', 'artist_39']",album_48,['genre_7'],[]
song_310,Organic web-enabled alliance Song 310,176,1994-03-31,"['artist_36', 'artist_16']",album_44,['genre_12'],[]
song_311,Adaptive incremental matrices Song 311,326,2004-03-08,['artist_56'],album_63,['genre_4'],[]
song_312,Adaptive exuding challenge Song 312,164,1983-01-31,['artist_53'],album_68,['genre_13'],[]
song_313,Secured bifurcated interface Song 313,291,2023-05-08,"['artist_11', 'artist_82']",album_20,['genre_14'],['award_12']
song_314,Business-focused systemic strategy Song 314,399,2011-05-04,"['artist_63', 'artist_68']",album_21,['genre_7'],[]
song_315,Monitored zero administration methodology Song 315,198,1992-01-06,"['artist_68', 'artist_91']",album_42,['genre_10'],[]
song_316,Programmable multi-tasking solution Song 316,368,1985-04-03,"['artist_83', 'artist_22']",album_49,['genre_5'],['award_23']
song_317,Decentralized multi-tasking approach Song 317,244,1989-05-14,"['artist_72', 'artist_4']",album_77,"['genre_9', 'genre_4']",[]
song_318,Grass-roots reciprocal archive Song 318,130,1987-12-11,['artist_96'],album_14,"['genre_4', 'genre_0']",[]
song_319,Digitized global hardware Song 319,221,2001-10-19,"['artist_85', 'artist_77']",album_63,['genre_4'],[]
song_320,Stand-alone context-sensitive instruction set Song 320,372,1991-04-09,['artist_15'],album_46,['genre_11'],[]
song_321,Horizontal fault-tolerant encryption Song 321,183,2017-12-31,"['artist_93', 'artist_64']",album_5,['genre_8'],[]
song_322,Synergized even-keeled artificial intelligence Song 322,145,2024-12-20,['artist_80'],album_42,['genre_10'],[]
song_323,Digitized clear-thinking conglomeration Song 323,152,1986-03-29,"['artist_56', 'artist_49']",album_94,"['genre_3', 'genre_4']",[]
song_324,Realigned dedicated productivity Song 324,271,1985-11-25,"['artist_48', 'artist_6']",album_91,['genre_13'],[]
song_325,Realigned value-added database Song 325,218,2002-08-10,"['artist_29', 'artist_24']",album_18,['genre_2'],[]
song_326,Total 5thgeneration access Song 326,392,1985-04-04,['artist_28'],album_6,['genre_12'],[]
song_327,Reactive 5thgeneration workforce Song 327,417,1994-02-11,"['artist_8', 'artist_23']",album_43,['genre_10'],[]
song_328,Enterprise-wide neutral concept Song 328,310,1991-05-11,"['artist_90', 'artist_55']",album_62,['genre_9'],[]
song_329,Vision-oriented intermediate process improvement Song 329,258,2002-04-04,['artist_82'],album_75,['genre_7'],[]
song_330,Monitored asynchronous migration Song 330,189,1986-09-18,"['artist_7', 'artist_99']",,['genre_10'],[]
song_331,Team-oriented context-sensitive process improvement Song 331,185,1982-02-21,['artist_17'],,"['genre_0', 'genre_1']",[]
song_332,Universal asymmetric extranet Song 332,137,2012-06-07,['artist_59'],album_32,"['genre_7', 'genre_0']",[]
song_333,Multi-channeled homogeneous focus group Song 333,178,1992-03-11,"['artist_88', 'artist_40']",album_77,['genre_9'],[]
song_334,Cross-group real-time focus group Song 334,345,2010-01-13,"['artist_45', 'artist_10']",album_70,"['genre_13', 'genre_10']",[]
song_335,Re-engineered multimedia projection Song 335,287,1983-06-28,"['artist_49', 'artist_45']",album_34,"['genre_5', 'genre_2']",[]
song_336,Optional client-driven adapter Song 336,399,2016-03-25,['artist_55'],,"['genre_3', 'genre_14']",[]
song_337,Progressive holistic analyzer Song 337,226,2012-05-07,"['artist_12', 'artist_9']",album_70,['genre_10'],[]
song_338,Implemented cohesive budgetary management Song 338,251,1985-05-19,['artist_89'],album_61,['genre_0'],[]
song_339,Decentralized uniform moratorium Song 339,312,1993-08-19,"['artist_39', 'artist_46']",,"['genre_5', 'genre_13']",[]
song_340,Devolved encompassing capability Song 340,189,1997-01-22,['artist_41'],,['genre_8'],[]
song_341,Cloned next generation orchestration Song 341,343,2009-04-24,"['artist_35', 'artist_56']",album_16,['genre_13'],[]
song_342,Monitored neutral capacity Song 342,390,2006-12-12,"['artist_56', 'artist_27']",album_27,['genre_12'],['award_9']
song_343,Digitized leadingedge middleware Song 343,262,1983-09-17,"['artist_32', 'artist_99']",,"['genre_14', 'genre_6']",[]
song_344,Synchronized object-oriented website Song 344,401,2008-08-10,['artist_89'],album_16,['genre_13'],[]
song_345,Cloned 5thgeneration pricing structure Song 345,328,2008-09-03,"['artist_93', 'artist_50']",album_68,['genre_13'],[]
song_346,Implemented 24hour productivity Song 346,353,2005-05-26,"['artist_1', 'artist_23']",album_87,['genre_11'],[]
song_347,Networked bifurcated frame Song 347,260,2012-04-08,['artist_95'],album_88,"['genre_6', 'genre_2']",[]
song_348,Multi-lateral real-time framework Song 348,404,2024-11-01,"['artist_31', 'artist_32']",album_79,['genre_11'],[]
song_349,Expanded optimal Graphical User Interface Song 349,171,1993-07-16,"['artist_70', 'artist_88']",album_43,['genre_10'],[]
song_350,Centralized next generation concept Song 350,140,1992-12-11,['artist_43'],,"['genre_5', 'genre_11']",[]
song_351,Profit-focused context-sensitive standardization Song 351,302,2010-04-17,"['artist_30', 'artist_62']",album_50,"['genre_1', 'genre_0']",[]
song_352,Enhanced incremental Graphical User Interface Song 352,149,1996-02-19,"['artist_31', 'artist_85']",album_41,['genre_13'],[]
song_353,Function-based full-range neural-net Song 353,214,2023-08-18,"['artist_9', 'artist_72']",,['genre_7'],[]
song_354,Total dedicated matrices Song 354,185,2019-07-31,"['artist_64', 'artist_6']",album_37,['genre_1'],[]
song_355,Secured demand-driven forecast Song 355,315,2014-02-26,"['artist_20', 'artist_65']",album_74,['genre_7'],[]
song_356,Programmable context-sensitive moratorium Song 356,127,2020-02-16,['artist_28'],album_98,['genre_4'],[]
song_357,Business-focused impactful protocol Song 357,179,2013-10-19,['artist_60'],album_66,['genre_4'],[]
song_358,Fundamental logistical flexibility Song 358,260,1988-12-08,"['artist_48', 'artist_26']",album_2,['genre_8'],[]
song_359,Reduced impactful analyzer Song 359,355,2002-09-13,['artist_87'],album_3,['genre_1'],[]
song_360,Adaptive bandwidth-monitored application Song 360,298,1993-03-03,"['artist_72', 'artist_58']",album_71,['genre_11'],[]
song_361,Switchable 5thgeneration access Song 361,307,1983-09-21,"['artist_42', 'artist_26']",album_21,['genre_7'],[]
song_362,Polarized coherent throughput Song 362,140,1985-04-19,"['artist_72', 'artist_78']",album_91,['genre_13'],['award_13']
song_363,User-friendly national forecast Song 363,219,2013-12-30,"['artist_93', 'artist_76']",album_83,['genre_9'],[]
song_364,Devolved hybrid product Song 364,315,1995-07-03,['artist_46'],album_89,['genre_14'],['award_3']
song_365,Profound reciprocal focus group Song 365,248,1994-01-30,"['artist_82', 'artist_59']",album_36,['genre_5'],[]
song_366,Phased hybrid groupware Song 366,233,2018-07-14,['artist_44'],,['genre_4'],[]
song_367,Devolved bottom-line algorithm Song 367,228,2024-09-12,['artist_35'],album_14,['genre_4'],[]
song_368,Digitized 4thgeneration contingency Song 368,277,2001-03-11,['artist_66'],,['genre_8'],[]
song_369,Multi-channeled upward-trending extranet Song 369,419,2017-12-01,"['artist_77', 'artist_7']",album_67,['genre_8'],[]
song_370,Sharable system-worthy matrices Song 370,360,1988-02-04,['artist_10'],album_28,['genre_13'],[]
song_371,Centralized non-volatile circuit Song 371,294,2004-09-07,"['artist_81', 'artist_38']",,['genre_2'],[]
song_372,Grass-roots transitional hub Song 372,260,2007-12-22,"['artist_29', 'artist_45']",,"['genre_1', 'genre_2']",[]
song_373,Intuitive hybrid website Song 373,334,2014-04-09,['artist_22'],album_13,"['genre_9', 'genre_10']",[]
song_374,Configurable neutral architecture Song 374,336,2001-05-28,['artist_1'],,['genre_6'],['award_2']
song_375,Proactive web-enabled interface Song 375,360,1982-05-22,"['artist_22', 'artist_33']",album_75,['genre_7'],[]
song_376,Team-oriented methodical alliance Song 376,293,2010-03-19,"['artist_92', 'artist_94']",album_63,['genre_4'],[]
song_377,Programmable neutral extranet Song 377,122,1991-12-29,['artist_8'],album_79,['genre_11'],[]
song_378,Front-line uniform collaboration Song 378,168,1989-03-26,"['artist_4', 'artist_50']",album_67,['genre_8'],[]
song_379,Synergized context-sensitive knowledge user Song 379,322,2000-09-12,['artist_12'],album_29,['genre_12'],[]
song_380,Profit-focused asymmetric capacity Song 380,306,2013-06-08,"['artist_75', 'artist_23']",album_8,['genre_9'],[]
song_381,Managed responsive hardware Song 381,183,1996-04-25,"['artist_12', 'artist_63']",album_10,['genre_8'],[]
song_382,Switchable bottom-line policy Song 382,328,2008-10-26,['artist_48'],album_12,['genre_0'],[]
song_383,Self-enabling clear-thinking ability Song 383,327,2024-07-20,"['artist_15', 'artist_62']",album_3,['genre_1'],[]
song_384,Reactive zero administration monitoring Song 384,326,2019-07-03,"['artist_64', 'artist_90']",album_19,['genre_8'],[]
song_385,Streamlined local protocol Song 385,146,2006-07-13,['artist_39'],album_98,['genre_4'],['award_11']
song_386,Grass-roots systematic projection Song 386,282,1983-03-04,"['artist_20', 'artist_50']",,['genre_7'],[]
song_387,Implemented grid-enabled productivity Song 387,406,2012-09-01,['artist_18'],album_53,"['genre_12', 'genre_10']",[]
song_388,Open-architected attitude-oriented adapter Song 388,145,2012-08-08,['artist_50'],album_20,['genre_14'],[]
song_389,Customer-focused executive model Song 389,226,1985-12-09,['artist_13'],album_99,['genre_13'],['award_12']
song_390,Object-based content-based customer loyalty Song 390,137,1996-12-12,"['artist_41', 'artist_40']",,['genre_9'],[]
song_391,Compatible holistic website Song 391,219,2004-01-06,['artist_36'],album_33,['genre_1'],[]
song_392,Vision-oriented 3rdgeneration moderator Song 392,149,2021-09-12,"['artist_40', 'artist_4']",album_43,['genre_10'],[]
song_393,Multi-channeled high-level Internet solution Song 393,139,1992-07-01,"['artist_78', 'artist_41']",album_27,['genre_6'],[]
song_394,Virtual needs-based policy Song 394,136,2006-05-11,['artist_28'],,"['genre_9', 'genre_11']",['award_20']
song_395,Virtual bandwidth-monitored middleware Song 395,127,2003-03-17,['artist_24'],album_54,"['genre_10', 'genre_3']",[]
song_396,Decentralized object-oriented architecture Song 396,215,2004-10-27,['artist_64'],,['genre_4'],[]
song_397,Ameliorated bandwidth-monitored matrix Song 397,318,1997-04-05,['artist_78'],album_61,['genre_0'],[]
song_398,Team-oriented 4thgeneration emulation Song 398,249,2004-09-14,['artist_43'],album_78,['genre_1'],[]
song_399,Function-based executive open architecture Song 399,343,2013-07-04,"['artist_47', 'artist_84']",album_16,['genre_13'],[]
song_400,Down-sized dedicated flexibility Song 400,397,2008-07-05,['artist_90'],album_75,['genre_7'],[]
song_401,Grass-roots exuding infrastructure Song 401,191,1993-08-02,['artist_12'],album_82,['genre_6'],[]
song_402,Proactive transitional toolset Song 402,322,1982-12-16,['artist_76'],album_21,['genre_7'],[]
song_403,Secured optimizing core Song 403,379,2019-04-06,"['artist_63', 'artist_68']",album_96,['genre_12'],[]
song_404,Down-sized homogeneous circuit Song 404,341,2017-10-27,"['artist_84', 'artist_29']",album_35,['genre_8'],[]
song_405,Open-architected systemic algorithm Song 405,352,2007-09-20,"['artist_36', 'artist_98']",album_81,['genre_11'],[]
song_406,Re-engineered methodical algorithm Song 406,401,1988-05-17,"['artist_14', 'artist_9']",album_60,['genre_14'],[]
song_407,Upgradable client-driven time-frame Song 407,155,2011-07-22,['artist_44'],album_94,['genre_4'],[]
song_408,Quality-focused systemic paradigm Song 408,339,2005-07-29,['artist_99'],,['genre_14'],[]
song_409,Re-contextualized content-based standardization Song 409,335,1987-06-21,"['artist_96', 'artist_11']",album_58,['genre_9'],[]
song_410,Compatible real-time archive Song 410,414,1989-06-02,['artist_81'],album_30,"['genre_13', 'genre_2']",['award_11']
song_411,Fundamental discrete encryption Song 411,197,2001-10-13,['artist_16'],album_72,['genre_7'],[]
song_412,Re-contextualized real-time migration Song 412,298,2024-03-18,['artist_7'],album_65,"['genre_1', 'genre_9']",[]
song_413,Universal coherent structure Song 413,364,2010-12-23,['artist_40'],album_73,['genre_14'],[]
song_414,User-centric systemic customer loyalty Song 414,403,1989-06-19,['artist_38'],album_37,['genre_1'],[]
song_415,Operative zero tolerance circuit Song 415,256,2008-11-30,"['artist_65', 'artist_6']",album_15,"['genre_8', 'genre_7']",[]
song_416,Extended optimal flexibility Song 416,310,2005-04-27,['artist_53'],album_93,['genre_4'],[]
song_417,Exclusive stable open architecture Song 417,245,2024-09-18,['artist_79'],album_39,['genre_11'],[]
song_418,Vision-oriented 3rdgeneration Graphic Interface Song 418,209,1983-05-08,['artist_90'],album_61,['genre_0'],[]
song_419,Pre-emptive composite flexibility Song 419,322,2021-03-19,"['artist_56', 'artist_58']",album_73,['genre_14'],['award_23']
song_420,Persevering interactive alliance Song 420,195,1998-05-03,['artist_78'],album_8,['genre_9'],[]
song_421,Synchronized zero administration access Song 421,371,1994-09-26,"['artist_20', 'artist_35']",album_7,['genre_0'],[]
song_422,Versatile multi-state info-mediaries Song 422,204,2007-09-25,['artist_56'],album_42,['genre_10'],[]
song_423,Pre-emptive system-worthy system engine Song 423,401,1984-08-02,"['artist_22', 'artist_69']",album_77,"['genre_9', 'genre_4']",[]
song_424,Diverse optimal circuit Song 424,298,1989-11-15,"['artist_83', 'artist_5']",,"['genre_9', 'genre_14']",[]
song_425,Fundamental holistic conglomeration Song 425,285,1993-04-17,['artist_72'],album_44,['genre_12'],['award_15']
song_426,Organic dedicated website Song 426,402,2023-05-28,['artist_10'],,['genre_7'],[]
song_427,Team-oriented 4thgeneration moratorium Song 427,135,1993-07-06,['artist_94'],album_63,['genre_4'],[]
song_428,Customizable demand-driven moderator Song 428,198,2024-12-06,"['artist_79', 'artist_88']",album_78,['genre_1'],[]
song_429,Realigned encompassing productivity Song 429,267,1983-04-18,['artist_52'],album_99,['genre_13'],['award_19']
song_430,Virtual maximized data-warehouse Song 430,161,2023-03-17,['artist_85'],album_44,['genre_12'],[]
song_431,Fully-configurable disintermediate project Song 431,380,2004-01-07,"['artist_84', 'artist_2']",album_2,"['genre_8', 'genre_9']",[]
song_432,Diverse directional process improvement Song 432,184,2002-05-16,"['artist_80', 'artist_27']",album_52,['genre_9'],[]
song_433,Front-line client-driven ability Song 433,334,2006-12-29,"['artist_28', 'artist_66']",album_4,"['genre_4', 'genre_14']",[]
song_434,Right-sized leadingedge attitude Song 434,262,2017-10-24,"['artist_66', 'artist_86']",album_31,"['genre_1', 'genre_0']",[]
song_435,Decentralized maximized function Song 435,256,2007-07-23,['artist_83'],album_12,['genre_0'],['award_11']
song_436,Re-engineered homogeneous complexity Song 436,358,1984-06-04,"['artist_57', 'artist_37']",album_18,"['genre_14', 'genre_2']",[]
song_437,Networked demand-driven pricing structure Song 437,407,2015-09-07,"['artist_79', 'artist_59']",album_9,['genre_13'],[]
song_438,Profound dedicated encoding Song 438,135,2005-01-31,"['artist_22', 'artist_84']",album_68,['genre_13'],[]
song_439,Robust context-sensitive data-warehouse Song 439,349,1999-11-21,['artist_2'],album_80,['genre_9'],[]
song_440,Multi-layered bi-directional Local Area Network Song 440,414,1994-12-03,"['artist_38', 'artist_45']",,"['genre_11', 'genre_6']",[]
song_441,Open-source empowering service-desk Song 441,270,2011-02-25,"['artist_69', 'artist_58']",album_59,['genre_4'],[]
song_442,Enterprise-wide exuding ability Song 442,280,2006-03-24,"['artist_10', 'artist_15']",album_80,['genre_9'],[]
song_443,Operative demand-driven encryption Song 443,213,2009-01-14,"['artist_99', 'artist_87']",album_99,['genre_13'],[]
song_444,User-centric exuding moratorium Song 444,322,2008-07-30,['artist_43'],album_8,['genre_9'],[]
song_445,Switchable dedicated concept Song 445,180,2015-02-19,"['artist_87', 'artist_84']",,['genre_0'],[]
song_446,Public-key impactful circuit Song 446,375,2001-06-23,"['artist_51', 'artist_90']",album_17,['genre_8'],[]
song_447,Upgradable directional capacity Song 447,167,2018-07-12,['artist_34'],,['genre_7'],[]
song_448,Up-sized exuding customer loyalty Song 448,272,2024-06-18,"['artist_7', 'artist_40']",album_68,['genre_13'],[]
song_449,Re-contextualized local conglomeration Song 449,152,2018-04-02,"['artist_38', 'artist_57']",,['genre_0'],[]
song_450,Re-contextualized background architecture Song 450,295,2013-02-18,['artist_16'],,['genre_1'],[]
song_451,Virtual eco-centric conglomeration Song 451,346,1987-03-25,['artist_64'],album_89,"['genre_0', 'genre_14']",[]
song_452,Realigned asynchronous capacity Song 452,349,2020-02-06,['artist_28'],album_82,['genre_6'],[]
song_453,Grass-roots value-added synergy Song 453,232,2016-08-15,"['artist_6', 'artist_83']",,['genre_0'],[]
song_454,Front-line object-oriented conglomeration Song 454,311,2002-09-23,"['artist_70', 'artist_57']",album_92,"['genre_2', 'genre_12']",[]
song_455,Open-architected hybrid paradigm Song 455,208,2010-01-08,"['artist_88', 'artist_47']",album_97,['genre_6'],[]
song_456,Adaptive bi-directional analyzer Song 456,369,2021-05-12,"['artist_1', 'artist_34']",album_33,['genre_1'],[]
song_457,User-friendly high-level policy Song 457,336,2002-09-01,['artist_10'],album_44,['genre_12'],[]
song_458,Adaptive systemic support Song 458,206,2013-06-28,"['artist_30', 'artist_8']",album_65,"['genre_9', 'genre_1']",['award_8']
song_459,Optional tertiary application Song 459,133,1997-02-26,['artist_89'],,"['genre_4', 'genre_6']",[]
song_460,Cross-platform non-volatile hardware Song 460,217,2000-02-13,['artist_99'],album_69,"['genre_12', 'genre_3']",[]
song_461,Quality-focused well-modulated knowledgebase Song 461,351,2008-09-07,['artist_47'],album_63,['genre_4'],[]
song_462,Operative 24hour moderator Song 462,285,1983-04-13,['artist_43'],album_95,"['genre_4', 'genre_6']",[]
song_463,Object-based bandwidth-monitored project Song 463,152,1999-10-01,['artist_25'],,"['genre_7', 'genre_14']",[]
song_464,Exclusive 24/7 orchestration Song 464,359,2017-11-12,['artist_96'],album_65,"['genre_9', 'genre_1']",['award_6']
song_465,Enterprise-wide dedicated moderator Song 465,236,1995-07-10,"['artist_11', 'artist_48']",album_19,"['genre_8', 'genre_3']",[]
song_466,Balanced static capability Song 466,224,2013-01-19,['artist_89'],album_51,"['genre_11', 'genre_13']",[]
song_467,Networked coherent model Song 467,391,2013-01-28,['artist_76'],,"['genre_8', 'genre_1']",[]
song_468,Implemented zero tolerance challenge Song 468,190,2016-12-08,['artist_46'],album_51,"['genre_13', 'genre_11']",['award_20']
song_469,Exclusive exuding matrix Song 469,241,2020-11-08,"['artist_44', 'artist_17']",album_82,['genre_6'],[]
song_470,Right-sized content-based throughput Song 470,310,2022-03-12,['artist_21'],album_1,"['genre_14', 'genre_11']",[]
song_471,Compatible object-oriented encryption Song 471,221,1993-12-30,['artist_2'],album_43,['genre_10'],[]
song_472,User-friendly transitional capability Song 472,402,1985-08-20,"['artist_64', 'artist_89']",album_79,['genre_11'],[]
song_473,Monitored fault-tolerant algorithm Song 473,287,2002-02-07,['artist_7'],album_65,['genre_1'],[]
song_474,Programmable non-volatile projection Song 474,175,2003-11-25,['artist_86'],album_19,"['genre_8', 'genre_3']",[]
song_475,Team-oriented global encoding Song 475,283,1985-05-31,"['artist_77', 'artist_87']",album_73,['genre_14'],[]
song_476,Devolved next generation challenge Song 476,153,2008-02-21,['artist_33'],album_31,"['genre_0', 'genre_1']",[]
song_477,Self-enabling dynamic project Song 477,271,1984-08-16,['artist_5'],album_65,['genre_9'],[]
song_478,Multi-layered real-time core Song 478,205,2007-07-20,['artist_26'],album_80,['genre_9'],[]
song_479,Upgradable eco-centric approach Song 479,412,1997-01-24,['artist_86'],album_71,"['genre_0', 'genre_11']",[]
song_480,Function-based grid-enabled portal Song 480,356,2023-12-09,['artist_2'],album_9,['genre_13'],[]
song_481,Business-focused 6thgeneration archive Song 481,120,2000-07-28,['artist_0'],album_17,['genre_8'],[]
song_482,Phased web-enabled process improvement Song 482,146,1988-02-06,['artist_75'],album_31,['genre_0'],[]
song_483,Multi-tiered attitude-oriented moderator Song 483,133,2010-03-07,['artist_73'],album_45,"['genre_6', 'genre_2']",[]
song_484,Multi-channeled discrete software Song 484,390,2013-03-04,['artist_1'],,"['genre_2', 'genre_10']",[]
song_485,Sharable attitude-oriented hub Song 485,322,2015-02-18,['artist_81'],,['genre_7'],[]
song_486,Face-to-face cohesive portal Song 486,199,2013-05-10,"['artist_57', 'artist_39']",album_75,"['genre_7', 'genre_9']",[]
song_487,Down-sized homogeneous collaboration Song 487,180,2022-10-04,['artist_57'],album_80,['genre_9'],[]
song_488,Expanded neutral hub Song 488,405,1996-08-22,['artist_61'],album_53,"['genre_12', 'genre_10']",[]
song_489,Down-sized zero tolerance ability Song 489,130,1987-10-08,"['artist_15', 'artist_56']",album_56,['genre_13'],[]
song_490,Extended scalable groupware Song 490,269,2002-08-02,['artist_13'],album_20,['genre_14'],[]
song_491,Assimilated next generation workforce Song 491,130,1989-09-11,"['artist_86', 'artist_73']",,['genre_5'],[]
song_492,Open-source zero-defect adapter Song 492,137,1985-07-27,"['artist_89', 'artist_38']",album_50,['genre_1'],[]
song_493,Digitized explicit utilization Song 493,266,2013-09-29,"['artist_37', 'artist_35']",album_85,['genre_12'],['award_9']
song_494,Digitized background parallelism Song 494,130,1991-09-18,['artist_28'],album_69,"['genre_12', 'genre_3']",[]
song_495,Future-proofed systemic initiative Song 495,290,2016-02-01,['artist_8'],album_53,"['genre_12', 'genre_10']",[]
song_496,Devolved content-based function Song 496,288,1998-02-22,"['artist_30', 'artist_88']",album_54,['genre_3'],[]
song_497,Down-sized client-driven knowledgebase Song 497,386,1989-10-01,"['artist_46', 'artist_62']",album_43,['genre_10'],[]
song_498,Progressive demand-driven functionalities Song 498,398,1983-03-04,"['artist_20', 'artist_63']",album_24,['genre_0'],[]
song_499,Reverse-engineered bi-directional contingency Song 499,348,1984-10-08,['artist_81'],album_0,['genre_10'],[]
song_500,Business-focused optimal budgetary management Song 500,240,1998-10-25,"['artist_99', 'artist_91']",album_3,['genre_1'],[]
song_501,Re-contextualized grid-enabled superstructure Song 501,175,2000-11-11,['artist_1'],album_86,"['genre_1', 'genre_2']",['award_8']
song_502,Down-sized heuristic functionalities Song 502,374,1990-02-21,"['artist_47', 'artist_55']",album_98,['genre_4'],[]
song_503,Customizable static core Song 503,197,2014-10-09,"['artist_83', 'artist_90']",album_80,['genre_9'],[]
song_504,Fully-configurable non-volatile complexity Song 504,394,1983-01-28,"['artist_82', 'artist_44']",album_7,['genre_0'],[]
song_505,Front-line hybrid framework Song 505,174,2005-09-30,['artist_62'],album_20,['genre_14'],[]
song_506,Implemented needs-based customer loyalty Song 506,370,2011-04-17,"['artist_38', 'artist_71']",album_48,['genre_0'],[]
song_507,Implemented didactic system engine Song 507,258,2024-06-21,"['artist_92', 'artist_45']",album_14,['genre_4'],[]
song_508,Team-oriented clear-thinking adapter Song 508,293,1995-12-11,"['artist_88', 'artist_46']",album_91,['genre_13'],[]
song_509,Function-based bottom-line customer loyalty Song 509,366,2011-12-01,['artist_4'],album_31,"['genre_0', 'genre_1']",[]
song_510,Proactive interactive Graphic Interface Song 510,124,2016-09-16,"['artist_38', 'artist_35']",album_48,"['genre_0', 'genre_7']",[]
song_511,Diverse dynamic hardware Song 511,282,1994-02-17,['artist_70'],album_4,['genre_4'],['award_1']
song_512,Reactive 5thgeneration time-frame Song 512,359,2020-11-09,"['artist_98', 'artist_49']",album_26,['genre_7'],[]
song_513,Mandatory optimizing approach Song 513,224,1987-09-15,"['artist_85', 'artist_41']",album_60,['genre_14'],[]
song_514,Multi-tiered 4thgeneration software Song 514,365,2004-05-17,['artist_58'],album_37,['genre_1'],[]
song_515,Adaptive motivating middleware Song 515,310,2013-10-05,['artist_31'],album_57,['genre_13'],[]
song_516,Versatile holistic orchestration Song 516,324,2006-09-15,['artist_68'],album_43,['genre_10'],[]
song_517,Secured bifurcated infrastructure Song 517,307,2008-06-12,['artist_32'],album_27,"['genre_12', 'genre_6']",[]
song_518,Mandatory 6thgeneration moderator Song 518,189,2007-12-29,['artist_76'],album_46,"['genre_11', 'genre_0']",['award_24']
song_519,Down-sized full-range protocol Song 519,376,2011-01-12,"['artist_19', 'artist_49']",album_14,"['genre_0', 'genre_4']",[]
song_520,Intuitive asymmetric intranet Song 520,201,1988-02-29,"['artist_73', 'artist_15']",album_19,"['genre_3', 'genre_8']",[]
song_521,Innovative scalable product Song 521,263,1988-03-10,['artist_62'],,['genre_2'],[]
song_522,Re-engineered optimizing utilization Song 522,191,2001-12-14,['artist_37'],album_56,['genre_13'],[]
song_523,Distributed web-enabled encryption Song 523,164,2010-09-24,['artist_61'],album_5,['genre_8'],[]
song_524,Phased solution-oriented challenge Song 524,340,2020-10-13,['artist_12'],album_64,['genre_9'],[]
song_525,Multi-tiered foreground capability Song 525,401,2019-02-28,"['artist_86', 'artist_71']",album_39,"['genre_11', 'genre_12']",[]
song_526,Innovative secondary leverage Song 526,206,2019-05-10,"['artist_8', 'artist_11']",album_2,['genre_8'],[]
song_527,Operative optimal secured line Song 527,305,1983-10-20,['artist_7'],album_44,['genre_12'],[]
song_528,Fully-configurable intangible encoding Song 528,296,2009-02-07,"['artist_28', 'artist_61']",,['genre_3'],[]
song_529,Down-sized systematic migration Song 529,138,2006-07-02,"['artist_92', 'artist_26']",album_50,"['genre_0', 'genre_1']",[]
song_530,Multi-tiered didactic website Song 530,368,1985-06-24,['artist_36'],album_5,['genre_8'],[]
song_531,Team-oriented background productivity Song 531,347,2007-04-19,"['artist_5', 'artist_18']",album_12,['genre_0'],[]
song_532,Public-key grid-enabled structure Song 532,239,2011-04-03,"['artist_3', 'artist_82']",album_39,['genre_11'],[]
song_533,Right-sized contextually-based firmware Song 533,371,2021-02-01,['artist_26'],album_46,['genre_0'],[]
song_534,Organic mobile array Song 534,391,1995-03-18,"['artist_68', 'artist_40']",album_28,['genre_13'],[]
song_535,Ameliorated asymmetric application Song 535,274,2017-07-16,['artist_17'],album_95,['genre_6'],[]
song_536,Face-to-face heuristic projection Song 536,330,2001-04-15,"['artist_99', 'artist_95']",album_18,['genre_2'],['award_3']
song_537,Triple-buffered context-sensitive moratorium Song 537,277,2015-01-08,"['artist_40', 'artist_45']",album_84,['genre_12'],[]
song_538,Centralized actuating database Song 538,153,2006-07-26,['artist_77'],album_95,"['genre_6', 'genre_4']",[]
song_539,Multi-lateral even-keeled function Song 539,287,1986-09-01,['artist_56'],album_73,['genre_14'],[]
song_540,Synergistic exuding functionalities Song 540,302,2001-03-08,['artist_20'],album_83,['genre_9'],[]
song_541,Centralized heuristic protocol Song 541,355,2019-11-09,"['artist_56', 'artist_19']",album_97,['genre_6'],['award_24']
song_542,Cross-group web-enabled interface Song 542,327,1992-04-04,['artist_25'],,['genre_14'],[]
song_543,Vision-oriented scalable concept Song 543,396,2003-12-11,['artist_49'],,"['genre_10', 'genre_8']",[]
song_544,Extended 4thgeneration task-force Song 544,201,2022-08-26,"['artist_19', 'artist_84']",album_66,['genre_4'],[]
song_545,Phased executive time-frame Song 545,161,2024-11-24,['artist_86'],album_11,['genre_6'],[]
song_546,Open-source responsive frame Song 546,255,2009-07-07,['artist_51'],album_85,['genre_12'],['award_20']
song_547,Fully-configurable content-based website Song 547,152,1992-03-04,['artist_69'],album_73,['genre_14'],[]
song_548,Synergistic directional challenge Song 548,160,1996-06-29,"['artist_1', 'artist_29']",album_81,['genre_11'],[]
song_549,Quality-focused zero tolerance algorithm Song 549,291,2023-05-17,"['artist_11', 'artist_64']",album_76,"['genre_0', 'genre_5']",[]
song_550,Synchronized encompassing task-force Song 550,379,1987-04-18,['artist_45'],album_53,['genre_12'],[]
song_551,Total holistic matrix Song 551,315,1989-03-05,"['artist_5', 'artist_99']",album_55,['genre_4'],[]
song_552,Programmable radical methodology Song 552,290,1984-09-11,"['artist_63', 'artist_6']",album_64,['genre_9'],[]
song_553,Total multi-state neural-net Song 553,390,1988-09-25,"['artist_65', 'artist_24']",album_90,['genre_10'],[]
song_554,Customer-focused multimedia hierarchy Song 554,408,2014-10-16,"['artist_80', 'artist_38']",album_84,['genre_12'],[]
song_555,Multi-lateral multimedia orchestration Song 555,241,1996-11-21,['artist_13'],,"['genre_7', 'genre_5']",['award_29']
song_556,Networked zero tolerance throughput Song 556,214,2001-08-29,['artist_79'],album_95,"['genre_6', 'genre_4']",[]
song_557,Face-to-face didactic knowledgebase Song 557,224,1984-01-10,"['artist_61', 'artist_20']",album_92,"['genre_12', 'genre_2']",[]
song_558,Exclusive real-time model Song 558,194,1997-10-10,['artist_93'],album_67,['genre_8'],[]
song_559,Re-contextualized neutral architecture Song 559,349,2013-06-10,"['artist_22', 'artist_91']",album_61,['genre_0'],[]
song_560,Business-focused needs-based task-force Song 560,354,2017-05-09,['artist_43'],album_94,['genre_3'],[]
song_561,Expanded impactful access Song 561,226,2001-01-02,['artist_45'],,['genre_5'],[]
song_562,Automated dedicated framework Song 562,308,1985-10-04,"['artist_89', 'artist_38']",album_99,['genre_13'],[]
song_563,Profit-focused systematic attitude Song 563,377,2023-08-06,"['artist_34', 'artist_69']",album_1,"['genre_14', 'genre_11']",['award_0']
song_564,Function-based systematic Local Area Network Song 564,299,2020-08-25,"['artist_18', 'artist_71']",album_44,['genre_12'],[]
song_565,Face-to-face dedicated superstructure Song 565,228,1993-09-09,['artist_25'],album_55,['genre_4'],[]
song_566,Stand-alone actuating open architecture Song 566,293,1994-06-29,"['artist_50', 'artist_98']",,"['genre_6', 'genre_1']",[]
song_567,Face-to-face encompassing artificial intelligence Song 567,334,2021-10-28,"['artist_51', 'artist_99']",,['genre_8'],['award_21']
song_568,Cross-group fresh-thinking capability Song 568,411,1983-07-13,['artist_83'],album_95,"['genre_6', 'genre_4']",[]
song_569,Horizontal leadingedge Graphical User Interface Song 569,256,2009-02-21,"['artist_22', 'artist_52']",album_63,['genre_4'],[]
song_570,Cross-group dynamic Internet solution Song 570,203,2005-02-26,"['artist_37', 'artist_53']",album_26,['genre_7'],[]
song_571,Cloned maximized installation Song 571,388,1991-06-24,['artist_54'],,"['genre_1', 'genre_11']",[]
song_572,Horizontal system-worthy framework Song 572,406,2009-01-14,"['artist_67', 'artist_33']",album_46,['genre_11'],[]
song_573,Enhanced leadingedge encoding Song 573,313,2017-08-24,['artist_22'],album_18,['genre_2'],[]
song_574,Versatile neutral monitoring Song 574,378,2003-07-14,['artist_50'],album_53,"['genre_12', 'genre_10']",[]
song_575,Digitized context-sensitive process improvement Song 575,322,1992-11-12,['artist_49'],album_74,['genre_7'],[]
song_576,Devolved responsive time-frame Song 576,260,2012-11-25,"['artist_23', 'artist_24']",album_7,['genre_0'],[]
song_577,Versatile well-modulated migration Song 577,315,2021-03-04,['artist_31'],album_70,"['genre_13', 'genre_10']",[]
song_578,Innovative client-driven encoding Song 578,404,2008-07-16,['artist_31'],album_36,['genre_5'],[]
song_579,Managed directional strategy Song 579,303,2002-01-13,['artist_71'],,"['genre_2', 'genre_6']",[]
song_580,Configurable full-range leverage Song 580,395,1991-10-02,"['artist_27', 'artist_69']",album_60,['genre_14'],[]
song_581,Stand-alone multi-tasking hub Song 581,216,2006-12-25,['artist_39'],album_57,['genre_13'],[]
song_582,Switchable upward-trending algorithm Song 582,145,2008-06-02,['artist_8'],album_71,"['genre_11', 'genre_0']",[]
song_583,Reduced national monitoring Song 583,339,2021-10-10,"['artist_36', 'artist_77']",album_37,['genre_1'],['award_5']
song_584,Optimized analyzing leverage Song 584,180,2002-02-12,['artist_57'],album_25,"['genre_5', 'genre_13']",[]
song_585,Decentralized actuating alliance Song 585,201,1997-07-08,['artist_49'],album_42,['genre_10'],[]
song_586,Front-line global synergy Song 586,135,2023-02-14,['artist_14'],album_31,"['genre_1', 'genre_0']",[]
song_587,Proactive 4thgeneration interface Song 587,142,2015-06-23,['artist_89'],album_22,['genre_12'],[]
song_588,Programmable bottom-line time-frame Song 588,197,2023-06-20,"['artist_93', 'artist_81']",album_83,['genre_9'],[]
song_589,Stand-alone tangible encryption Song 589,302,1985-11-17,"['artist_84', 'artist_34']",album_26,['genre_7'],[]
song_590,Upgradable web-enabled utilization Song 590,282,2008-08-27,['artist_84'],album_8,['genre_9'],[]
song_591,Stand-alone methodical Graphic Interface Song 591,219,1990-05-28,"['artist_46', 'artist_93']",album_42,['genre_10'],[]
song_592,Operative full-range solution Song 592,410,1996-06-06,"['artist_46', 'artist_17']",album_57,['genre_13'],[]
song_593,Proactive demand-driven forecast Song 593,153,1987-09-24,['artist_10'],album_58,['genre_9'],[]
song_594,Seamless 6thgeneration product Song 594,372,1992-01-16,['artist_49'],album_71,['genre_0'],[]
song_595,Distributed multi-state utilization Song 595,368,2012-02-06,"['artist_40', 'artist_99']",album_97,['genre_6'],[]
song_596,Triple-buffered methodical algorithm Song 596,308,2001-01-24,"['artist_86', 'artist_47']",,['genre_6'],[]
song_597,Triple-buffered grid-enabled moratorium Song 597,260,1999-03-09,['artist_93'],album_58,['genre_9'],[]
song_598,Team-oriented client-driven support Song 598,160,2022-11-23,"['artist_95', 'artist_59']",,['genre_6'],[]
song_599,Pre-emptive secondary project Song 599,326,2024-10-22,"['artist_17', 'artist_68']",album_94,['genre_3'],[]
